HID,Name,Label,Name_kana,Type,Type_desc,Kodomo,TEL,FAX,Add1,Add2,Y,X,Capall,Cap0,Cap1,Cap2,Cap3,Cap4,Cap5,AgeS,AgeE,Owner,Ownership,Open,Close_reg,Close,H24,Extra,Temp,Sick,Holiday,Night,Disabilities,Shanai,Proof,Memo,url,Vacancy,VacancyDate
1,大久保第一保育園,大久保第一保育園,おおくぼだいいちほいくえん,認可,保育園　区立（公設公営）,,03-3203-0346,03-3203-0562,東京都新宿区,大久保3-11-1,35.70838 ,139.70662,116,11,21,21,21,21,21,57日,就学前まで,,区立,7:15,18:15,19:15,,Y,Y,,,,Y,,,一時保育（空き利用型）あり。,,,
2,高田馬場第ニ保育園,高田馬場第ニ保育園,たかだのばばだいにほいくえん,認可,保育園　区立（公設公営）,,03-3209-1433,03-3209-1720,東京都新宿区,高田馬場1-4-17,35.71045,139.709,105,9,16,20,20,20,20,57日,就学前まで,,区立,7:15,18:15,19:15,,Y,Y,,,,Y,,,一時保育（空き利用型）あり。,,,
3,長延保育園,長延保育園,ちょうえんほいくえん,認可,保育園　区立（公設公営）,,03-3260-1335,03-3260-1348,東京都新宿区,市谷長延寺町8,35.69413,139.73456,74,9,13,13,13,13,13,57日,就学前まで,,区立,7:30,18:30,19:30,,Y,Y,,,,Y,,,一時保育（空き利用型）あり。,,,
4,富久町保育園,富久町保育園,とみひさちょうほいくえん,認可,保育園　区立（公設民営）,,03-3357-7720,03-3357-4326,東京都新宿区,富久町22-21,35.69355,139.71559,149,24,25,25,25,25,25,43日,就学前まで,社会福祉法人　新栄会,区立,7:30,18:30,21:30,,Y,Y,,Y,,Y,,,一時保育（専用室型）あり。,,,
5,戸山第ニ保育園,戸山第ニ保育園,とやまだいにほいくえん,認可,保育園　区立（公設公営）,,03-3203-2385,03-3203-1279,東京都新宿区,戸山2-１８-１０１,35.7021,139.7124,111,14,17,20,20,20,20,57日,就学前まで,,区立,7:30,18:30,19:30,,Y,Y,,,,Y,,,一時保育（空き利用型）あり。,,,
6,中落合第ニ保育園,中落合第ニ保育園,なかおちあいだいにほいくえん,認可,保育園　区立（公設公営）,,03-3952-7165,03-3952-8901,東京都新宿区,中落合2-7-24,35.71777,139.69409,136,17,23,24,24,24,24,57日,就学前まで,,区立,7:15,18:15,19:15,,Y,Y,,,,Y,,,一時保育（空き利用型）あり。,,,
7,西早稲田保育園,西早稲田保育園,にしわせだほいくえん,認可,保育園　区立（公設公営）,,03-3209-5294,03-3208-1205,東京都新宿区,西早稲田1-9-30,35.71101,139.72011,79,9,12,13,15,15,15,57日,就学前まで,,区立,7:30,18:30,19:30,,Y,Y,,,,Y,,,一時保育（空き利用型）あり。,,,
8,東五軒町保育園,東五軒町保育園,ひがしごけんちょうほいくえん,認可,保育園　区立（公設公営）,,03-3269-6820,03-3269-6822,東京都新宿区,東五軒町5-24,35.70668,139.73976,174,24,30,30,30,30,30,57日,就学前まで,,区立,7:15,18:15,19:15,,Y,Y,,,,Y,,,一時保育（空き利用型）あり。,,,
9,百人町保育園,百人町保育園,ひゃくにんちょうほいくえん,認可,保育園　区立（公設公営）,,03-3367-4991,03-3367-1696,東京都新宿区,百人町2-18-21,35.70375,139.69815,85,9,12,16,16,16,16,57日,就学前まで,,区立,7:15,18:15,20:15,,Y,Y,,,,Y,,,一時保育（空き利用型）あり。,,,
10,弁天町保育園,弁天町保育園,べんてんちょうほいくえん,認可,保育園　区立（公設公営）,,03-3268-1337,03-3268-1331,東京都新宿区,弁天町50,35.70324,139.72742,148,23,25,25,25,25,25,57日,就学前まで,,区立,7:30,18:30,19:30,,Y,Y,,,,Y,,,一時保育（空き利用型）あり。,,,
11,早稲田南町保育園,早稲田南町保育園,わせだみなみちょうほいくえん,認可,保育園　区立（公設公営）,,03-3203-7848,03-3203-7563,東京都新宿区,早稲田南町50,35.70508,139.72229,78,9,10,14,15,15,15,57日,就学前まで,,区立,7:30,18:30,19:30,,Y,Y,,,,Y,,,一時保育（空き利用型）あり。,,,
12,早稲田南町保育園分園,早稲田南町保育園分園,わせだみなみちょうほいくえんぶんえん,認可,保育園　区立（公設民営）,,03-3204-5201,03-3204-5202,東京都新宿区,早稲田南町36,35.70522,139.72401,134,18,20,24,24,24,24,57日,就学前まで,株式会社　プロケア,区立,7:30,18:30,19:30,,Y,Y,,,,Y,,,一時保育（空き利用型）あり。,,,
13,あいじつ子ども園,あいじつ子ども園,あいじつこどもえん,認可,子ども園　区立,Y,03-3266-0189,03-3260-0331,東京都新宿区,北町17,35.69938,139.73463,186,10,18,18,20,60,60,57日,就学前まで,,区立,7:30,18:30,19:30,,Y,Y,,,,Y,,,一時保育（専用室型）あり。,,,
14,大木戸子ども園,大木戸子ども園,おおきどこどもえん,認可,子ども園　区立,Y,03-3358-1431,03-3358-6794,東京都新宿区,四谷4-17,35.68906,139.7164,219,29,36,37,37,40,40,57日,就学前まで,,区立,7:30,18:30,19:30,,Y,Y,,,,Y,,,一時保育（専用室型）・定期利用保育（専用室型）あり。,,,
15,おちごなかい子ども園（乳児園舎）,おちごなかい子ども園（乳児園舎）,おちごなかいこどもえん（にゅうじえんしゃ）,認可,子ども園　区立,Y,03-3361-7000,03-3361-1296,東京都新宿区,中井1-8-12,35.71474,139.68439,48,12,18,18,0,0,0,57日,2歳クラスまで,,区立,7:30,18:30,19:30,,Y,Y,,,,Y,,,一時保育（専用室型）・定期利用保育（専用室型）あり。,,,
16,おちごなかい子ども園（幼児園舎）,おちごなかい子ども園（幼児園舎）,おちごなかいこどもえん（ようじえんしゃ）,認可,子ども園　区立,Y,03-3227-2048,03-3227-2050,東京都新宿区,上落合3-1-6,35.71438,139.6859,78,0,0,0,18,30,30,57日,就学前まで,,区立,7:30,18:30,19:30,,Y,Y,,,,Y,,,一時保育（空き利用型）あり。,,,
17,柏木子ども園（乳児園舎）,柏木子ども園（乳児園舎）,かしわぎこどもえん（にゅうじえんしゃ）,認可,子ども園　区立,Y,03-3369-5855,03-3369-1062,東京都新宿区,北新宿2-3-7,35.69848,139.69037,51,15,18,18,0,0,0,57日,2歳クラスまで,,区立,7:30,18:30,19:30,,Y,Y,,,,Y,,,一時保育（専用室型）・定期利用保育（専用室型）あり。,,,
18,柏木子ども園（幼児園舎）,柏木子ども園（幼児園舎）,かしわぎこどもえん（ようじえんしゃ）,認可,子ども園　区立,Y,03-3227-2118,03-3227-2155,東京都新宿区,北新宿2-１１-１,35.70019,139.68947,70,0,0,0,18,26,26,57日,就学前まで,,区立,7:30,18:30,19:30,,Y,Y,,,,Y,,,一時保育（空き利用型）あり。,,,
19,北新宿子ども園,北新宿子ども園,きたしんじゅくこどもえん,認可,子ども園　区立,Y,03-3365-0225,03-3365-1686,東京都新宿区,北新宿3-20-2,35.70247,139.68927,116,11,17,20,20,24,24,57日,就学前まで,,区立,7:15,18:15,19:15,,Y,Y,,,,Y,,,一時保育（空き利用型）あり。,,,
20,しなのまち子ども園,しなのまち子ども園,しなのまちこどもえん,認可,子ども園　区立,Y,03-3357-6853,03-3357-5136,東京都新宿区,信濃町20,35.68306,139.72029,116,12,20,20,20,22,22,57日,就学前まで,,区立,7:30,18:30,19:30,,Y,Y,,,,Y,,,一時保育（空き利用型）あり。,,,
21,戸山第一子ども園,戸山第一子ども園,とやまだいいちこどもえん,認可,子ども園　区立,Y,03-3202-7879,03-3202-7820,東京都新宿区,戸山2-26-101,35.70432,139.71176,110,9,15,18,20,24,24,57日,就学前まで,,区立,7:30,18:30,19:30,,Y,Y,,,,Y,,,一時保育（空き利用型）あり。,,,
22,西落合子ども園,西落合子ども園,にしおちあいこどもえん,認可,子ども園　区立,Y,03-3954-1064,03-3954-2044,東京都新宿区,西落合1-31-24,35.71985,139.67934,115,12,17,18,20,24,24,57日,就学前まで,,区立,7:30,18:30,19:30,,Y,Y,,,,Y,,,一時保育（空き利用型）あり。,,,
23,西新宿子ども園,西新宿子ども園,にししんじゅくこどもえん,認可,子ども園　区立,Y,03-3299-7727,03-3377-9663,東京都新宿区,西新宿4-35-5,35.68607,139.68747,140,10,20,20,30,30,30,57日,就学前まで,,区立,7:30,18:30,19:30,,Y,Y,,,,Y,,,一時保育（専用室型）・定期利用保育（専用室型）あり。,,,
24,四谷子ども園,四谷子ども園,よつやこどもえん,認可,子ども園　区立,Y,03-5369-3775,03-3341-1801,東京都新宿区,四谷2-6,35.68655,139.72513,167,9,18,20,20,50,50,57日,就学前まで,,区立,7:30,18:30,20:30,,Y,Y,,,,Y,,,一時保育（専用室型）あり。,,,
25,"アスク神楽坂保育園（0,1歳）","アスク神楽坂保育園（0,1歳）","あすくかぐらざかほいくえん（0,1さい）",認可,保育園　私立,,03-5225-6933,03-5225-6933,東京都新宿区,矢来町98-1 スキップビル1階,35.70272,139.7345,19,9,10,0,0,0,0,57日,1歳クラスまで,株式会社　日本保育サービス,私立,7:30,18:30,20:30,,Y,Y,,,,Y,,,一時保育（空き利用型）あり。,http://www.nihonhoiku.co.jp/,,
26,アスク神楽坂保育園（2-5歳）,アスク神楽坂保育園（2-5歳）,あすくかぐらざかほいくえん（2-5さい）,認可,保育園　私立,,03-5206-4250,03-3267-8170,東京都新宿区,矢来町89-2,35.70126,139.73392,60,0,0,15,15,15,15,57日,就学前まで,株式会社　日本保育サービス,私立,7:30,18:30,20:30,,Y,Y,,,,Y,,,一時保育（空き利用型）あり。,http://www.nihonhoiku.co.jp/,,
27,アスク新宿南町保育園,アスク新宿南町保育園,あすくしんじゅくみなみちょうほいくえん,認可,保育園　私立,,03-5225-2166,03-6265-0087,東京都新宿区,南町20-3,35.69872,139.73613,89,0,15,18,18,19,19,1歳クラス,就学前まで,株式会社　日本保育サービス,私立,7:30,18:30,20:30,,Y,Y,,,,Y,,,一時保育（空き利用型）あり。,,,
28,エイビイシイ保育園（分園）,エイビイシイ保育園（分園）,えいびいしいほいくえん（ぶんえん）,認可,保育園　私立,,03-3232-9633,03-3232-9636,東京都新宿区,大久保2-16-1,35.70333,139.70613,20,5,15,0,0,0,0,43日,1歳クラスまで,社会福祉法人　杉の子会,私立,11:00,22:00,11:00,Y,Y,Y,,,Y,Y,,,夜間就労等をされている方を対象とした保育園です。一時保育（空き利用型）あり。,,,
29,エイビイシイ保育園（本園）,エイビイシイ保育園（本園）,えいびいしいほいくえん（ほんえん）,認可,保育園　私立,,03-3232-9633,03-3232-9636,東京都新宿区,大久保2-11-5,35.70283,139.707,70,10,0,15,15,15,15,43日,就学前まで,社会福祉法人　杉の子会,私立,11:00,22:00,11:00,Y,Y,Y,,,Y,Y,,,夜間就労等をされている方を対象とした保育園です。一時保育（空き利用型）あり。,,,
30,オルト保育園,オルト保育園,おるとほいくえん,認可,保育園　私立,,03-5332-7081,03-5332-7085,東京都新宿区,高田馬場3-40-3,35.71295,139.69614,122,15,20,21,22,22,22,43日,就学前まで,社会福祉法人　新栄会,私立,7:30,18:30,20:30,,Y,Y,Y,Y,,Y,,,一時保育（専用室型）あり。病後児保育あり。,,,
31,キッズタウン下落合保育園,キッズタウン下落合保育園,きっずたうんしもおちあいほいくえん,認可,保育園　私立,,03-3365-1332,03-3351-1334,東京都新宿区,下落合1-9-10,35.71609,139.69901,131,15,20,24,24,24,24,57日,就学前まで,社会福祉法人　こうほうえん,私立,7:30,18:30,20:30,,Y,Y,,,,Y,,,一時保育（空き利用型）あり。,,,
32,グローバルキッズ神楽坂園,グローバルキッズ神楽坂園,ぐろーばるきっずかぐらざかえん,認可,保育園　私立,,03-3269-8011,03-6457-5080,東京都新宿区,神楽坂4-8神楽坂プラザビル1階,35.70246,139.73972,60,6,10,11,11,11,11,57日,就学前まで,株式会社　グローバルキッズ,私立,7:30,18:30,20:30,,Y,Y,,,,Y,,,一時保育（専用室型）あり。定期利用保育（空き保育室型）あり。「空き保育室型」は、在籍状況により実施園が変わる場合があります。,,,
33,グローバルキッズ西落合保育園,グローバルキッズ西落合保育園,ぐろーばるきっずにしおちあいほいくえん,認可,保育園　私立,,03-3952-5600,03-3565-6111,東京都新宿区,西落合3-19-9,35.72534,139.67961,96,9,15,18,18,18,18,57日,就学前まで,株式会社　グローバルキッズ,私立,7:30,18:30,20:30,,Y,Y,,,,Y,,,一時保育（空き利用型）あり。,,,
34,グローバルキッズ若葉園,グローバルキッズ若葉園,ぐろーばるきっずわかばえん,認可,保育園　私立,,03-3353-2002,03-6380-6786,東京都新宿区,若葉1-9,35.68612,139.7261,42,7,7,7,7,7,7,57日,就学前まで,株式会社　グローバルキッズ,私立,7:30,18:30,20:30,,Y,Y,,,,Y,,,一時保育（空き利用型）あり。,,,
35,獅子吼保育園,獅子吼保育園,ししくほいくえん,認可,保育園　私立,,03-3951-0759,03-3951-7509,東京都新宿区,中井2-8-6,35.71777,139.68636,80,0,15,17,16,16,16,1歳クラス,就学前まで,宗教法人　獅子吼会,私立,7:15,18:15,19:15,,Y,Y,,,,Y,,,一時保育（空き利用型）あり。,,,
36,至誠会保育園,至誠会保育園,しせいかいほいくえん,認可,保育園　私立,,03-3341-4677,03-3341-4687,東京都新宿区,河田町10-13,35.69821,139.71822,180,30,30,30,30,30,30,43日,就学前まで,社会福祉法人　至誠会,私立,7:00,18:00,21:00,,Y,Y,,,,Y,,,一時保育（空き利用型）あり。,,,
37,下落合そらいろ保育園,下落合そらいろ保育園,しもおちあいそらいろほいくえん,認可,保育園　私立,,03-3565-5050,03-3565-5051,東京都新宿区,中落合2-7-5 1階,35.71777,139.69409,80,9,14,14,14,14,15,６か月,就学前まで,社会福祉法人　幌北学園,私立,7:30,18:30,20:30,,Y,Y,,,,Y,,,一時保育（専用室型）あり。定期利用保育（空き保育室型）あり。「空き保育室型」は、在籍状況により実施園が変わる場合があります。,,,
38,新栄保育園,新栄保育園,しんえいほいくえん,認可,保育園　私立,,03-6304-0241,03-6304-0248,東京都新宿区,百人町3-21-14,35.70498,139.69991,148,21,21,21,25,30,30,43日,就学前まで,社会福祉法人　新栄会,私立,7:30,18:30,20:30,,Y,Y,,,,Y,,,一時保育（専用室型）あり。,,,
39,新宿いるま保育園,新宿いるま保育園,しんじゅくいるまほいくえん,認可,保育園　私立,,03-6302-1221,03-6302-1222,東京都新宿区,戸山1-21-1,35.70292,139.71626,137,18,23,24,24,24,24,43日,就学前まで,社会福祉法人　いるま保育会,私立,7:30,18:30,20:30,,Y,Y,Y,,,Y,,,一時保育（専用室型）あり。病児保育あり。,,,
40,新宿こだま保育園,新宿こだま保育園,しんじゅくこだまほいくえん,認可,保育園　私立,,03-5988-7807,03-5988-7758,東京都新宿区,中落合4-25-19,35.71883,139.68202,105,12,15,18,20,20,20,43日,就学前まで,社会福祉法人　呉竹会,私立,7:30,18:30,20:30,,Y,Y,Y,,,Y,,,一時保育（専用室型）あり。病後児保育あり。,,,
41,新宿成子坂愛育園,新宿成子坂愛育園,しんじゅくなるこざかあいいくえん,認可,保育園　私立,,03-3342-6907,03-3342-6057,東京都新宿区,西新宿6-7-39,35.69372,139.69193,130,15,19,24,24,24,24,57日,就学前まで,社会福祉法人　弘全院,私立,7:15,18:15,19:15,,Y,Y,,,,Y,,,一時保育（空き利用型）あり。,,,
42,新宿三つの木保育園もりさんかくしかく,新宿三つの木保育園もりさんかくしかく,しんじゅくみつのきほいくえんもりさんかくしかく,認可,保育園　私立,,03-6457-4455,03-6457-4456,東京都新宿区,大京町29,35.68188,139.71545,80,12,12,14,14,14,14,43日,就学前まで,社会福祉法人　東京児童協会,私立,7:30,18:30,20:30,,Y,Y,,,,Y,,,一時保育（空き利用型）あり。,,,
43,太陽の子新小川町保育園,太陽の子新小川町保育園,たいようのこしんおがわまちほいくえん,認可,保育園　私立,,03-5579-2348,03-5579-2653,東京都新宿区,新小川町1-8こだまビル2階,35.70458,139.74348,64,6,10,12,12,12,12,57日,就学前まで,長谷川キッズライフ株式会社,私立,7:30,18:30,20:30,,Y,Y,,,,Y,,,一時保育（専用室型）あり。定期利用保育（空き保育室型）あり。「空き保育室型」は、在籍状況により実施園が変わる場合があります。,,,
44,東京母子愛育会保育園,東京母子愛育会保育園,とうきょうぼしあいいくかいほいくえん,認可,保育園　私立,,03-3369-6005,03-3369-6014,東京都新宿区,北新宿4-21-14,35.70736,139.69142,100,6,15,18,21,20,20,8ヶ月,就学前まで,社会福祉法人　東京母子愛育会,私立,7:30,18:30,19:30,,Y,Y,,,,Y,,,一時保育（空き利用型）あり。,,,
45,にじいろ保育園高田馬場西,にじいろ保育園高田馬場西,にじいろほいくえんたかだのばばにし,認可,保育園　私立,,03-6302-1073,03-6302-1074,東京都新宿区,高田馬場1-24-16内田ビル1F,35.71117,139.70538,24,6,6,6,6,0,0,57日,3歳クラスまで,株式会社　サクセスアカデミー,私立,7:30,18:30,20:30,,Y,Y,,,,Y,,,一時保育（空き利用型）あり。,,,
46,にじいろ保育園高田馬場東,にじいろ保育園高田馬場東,にじいろほいくえんたかだのばばひがし,認可,保育園　私立,,03-6205-6338,03-6205-6339,東京都新宿区,高田馬場1-16-26,35.71056,139.70648,72,0,12,12,12,18,18,1歳クラス,就学前まで,株式会社　サクセスアカデミー,私立,7:30,18:30,20:30,,Y,Y,,,,Y,,,一時保育（空き利用型）あり。,,,
47,にじいろ保育園高田馬場南,にじいろ保育園高田馬場南,にじいろほいくえんたかだのばばみなみ,認可,保育園　私立,,03-6457-6991,03-6457-6992,東京都新宿区,大久保3-8-4住友不動産新宿ｶﾞｰﾃﾞﾝﾀﾜｰｱﾈｯｸｽ2階,35.70884,139.70296,20,5,5,5,5,0,0,57日,3歳クラスまで,株式会社　サクセスアカデミー,私立,7:30,18:30,20:30,,Y,Y,,,,Y,,,一時保育（空き利用型）あり。,,,
48,ニチイキッズ曙橋保育園（乳児棟）,ニチイキッズ曙橋保育園（乳児棟）,にちいきっずあけぼのばしほいくえん（にゅうじとう）,認可,保育園　私立,,03-5367-0196,03-5367-0197,東京都新宿区,市谷台町1-3ﾓﾃﾞﾗｰﾄ1階,35.6932,139.72052,29,6,11,12,0,0,0,57日,2歳クラスまで,株式会社　ニチイ学館,私立,7:30,18:30,20:30,,Y,Y,,,,Y,,,一時保育（空き利用型）あり。,,,
49,ニチイキッズ曙橋保育園（幼児棟）,ニチイキッズ曙橋保育園（幼児棟）,にちいきっずあけぼのばしほいくえん（ようじとう）,認可,保育園　私立,,03-5366-5127,03-5367-0197,東京都新宿区,愛住町22 第3山田ﾋﾞﾙ1階,35.69176,139.72012,36,0,0,0,12,12,12,57日,就学前まで,株式会社　ニチイ学館,私立,7:30,18:30,20:30,,Y,Y,,,,Y,,,一時保育（空き利用型）あり。,,,
50,八幡神社愛育園,八幡神社愛育園,はちまんじんじゃあいいくえん,認可,保育園　私立,,03-3368-3939,03-3368-3737,東京都新宿区,上落合1-26-19,35.71285,139.69092,76,0,14,16,18,14,14,1歳クラス,就学前まで,宗教法人　月見岡八幡神社,私立,7:30,18:30,18:30,,N,Y,,,,Y,,,一時保育（空き利用型）あり。,,,
51,原町みゆき保育園,原町みゆき保育園,はらまちみゆきほいくえん,認可,保育園　私立,,03-3356-2663,03-3356-2664,東京都新宿区,原町2-43,35.69867,139.72423,160,24,25,30,27,27,27,43日,就学前まで,社会福祉法人　幸会,私立,7:30,18:30,20:30,,Y,Y,Y,Y,,Y,,,一時保育（専用室型）あり。病後児保育あり。,,,
52,二葉南元保育園,二葉南元保育園,ふたばなんげんほいくえん,認可,保育園　私立,,03-3351-3819,03-3357-3707,東京都新宿区,南元町4,35.68189,139.72336,110,15,18,18,20,20,19,43日,就学前まで,社会福祉法人　二葉保育園,私立,7:00,18:00,20:00,,Y,Y,,,,Y,,,一時保育（専用室型）あり。定期利用保育（専用室型）あり。,,,
53,保育所まぁむ高田馬場駅前園,保育所まぁむ高田馬場駅前園,ほいくじょまぁむたかだのばばえきまええん,認可,保育園　私立,,03-6279-1105,03-6279-1105,東京都新宿区,高田馬場3-1-5 花川第2ビル2階,35.71477,139.70378,33,6,13,14,0,0,0,57日,2歳クラスまで,株式会社　WITH,私立,7:30,18:30,20:30,,Y,Y,,,,Y,,,一時保育（空き利用型）あり。,,,
54,ぽけっとﾗﾝﾄﾞ市ヶ谷保育園,ぽけっとﾗﾝﾄﾞ市ヶ谷保育園,ぽけっとらんどいちがやほいくえん,認可,保育園　私立,,03-5227-7520,03-5227-7521,東京都新宿区,市谷船河原町1市ヶ谷エスワンビル2・3階,35.69719,139.73962,122,0,20,24,26,26,26,1歳クラス,就学前まで,学校法人　三幸学園,私立,7:30,18:30,20:30,,Y,Y,,,,Y,,,一時保育（空き利用型）あり。,,,
55,ほっぺるランド牛込,ほっぺるランド牛込,ほっぺるらんどうしごめ,認可,保育園　私立,,03-6265-0841,03-6265-0842,東京都新宿区,北山伏1-2,35.6997,139.73059,102,12,20,20,20,15,15,57日,就学前まで,株式会社　テノ．コーポレーション,私立,7:30,18:30,20:30,,Y,Y,,,,Y,,,一時保育（専用室型）あり。定期利用保育（空き保育室型）あり。「空き保育室型」は、在籍状況により実施園が変わる場合があります。,,,
56,ほっぺるランド神楽坂,ほっぺるランド神楽坂,ほっぺるらんどかぐらざか,認可,保育園　私立,,03-5227-6798,03-5227-6799,東京都新宿区,榎町43-1ユニゾ神楽坂ビル２・3階,35.70454,139.72865,103,9,15,17,17,45 ,45 ,57日,就学前まで,株式会社　テノ．コーポレーション,私立,7:30,18:30,20:30,,Y,Y,,,,Y,,,4歳、5歳の定員は合計45人です。一時保育（空き利用型）あり。,,,
57,ほっぺるランド新大久保,ほっぺるランド新大久保,ほっぺるらんどしんおおくぼ,認可,保育園　私立,,03-6380-3920,03-3209-2725,東京都新宿区,大久保1-16-20,35.70021,139.70264,60,12,15,15,18 ,18 ,18 ,57日,就学前まで,株式会社　テノ．コーポレーション,私立,7:30,18:30,20:30,,Y,Y,,,,Y,,,3歳、4歳、5歳の定員は合計18人です。一時保育（空き利用型）あり。,,,
58,ポピンズナーサリースクール市ヶ谷,ポピンズナーサリースクール市ヶ谷,ぽぴんずなーさりーすくーるいちがや,認可,保育園　私立,,03-5946-8670,03-5946-8671,東京都新宿区,払方町19-1ｴﾑｼﾞｰ市ヶ谷ﾋﾞﾙ2･３階,35.69667,139.73486,80,9,12,14,15,15,15,57日,就学前まで,株式会社　ポピンズ,私立,7:30,18:30,20:30,,Y,Y,,,,Y,,,一時保育（空き利用型）あり。,,,
59,ポピンズナーサリースクール四ッ谷,ポピンズナーサリースクール四ッ谷,ぽぴんずなーさりーすくーるよつや,認可,保育園　私立,,03-5225-2015,03-5225-2016,東京都新宿区,市谷本村町2-10ストリーム市ヶ谷3階,35.69041,139.73172,61,0,10,12,13,13,13,1歳クラス,就学前まで,株式会社　ポピンズ,私立,7:30,18:30,20:30,,Y,Y,,,,Y,,,一時保育（空き利用型）あり。,,,
60,よろい保育園,よろい保育園,よろいほいくえん,認可,保育園　私立,,03-3369-3678,03-3371-7346,東京都新宿区,北新宿3-16-18,35.70451,139.69171,60,9,10,12,10,10,9,57日,就学前まで,宗教法人　鎧神社,私立,7:30,18:30,18:30,,N,Y,,,,Y,,,一時保育（空き利用型）あり。,,,
61,あい保育園落合（仮称）,,あいほいくえんおちあい,認可,保育園　私立,,,,東京都新宿区,上落合1-5-2 羽場ビルディング1～3階,35.71143,139.69115,117,12,18,18,23,23,23,43日,就学前まで,株式会社　アイグラン,私立,7:30,18:30,20:30,,Y,Y,,,,Y,,,平成３０年４月認可・開設予定,,,
62,アスク薬王寺保育園（仮称）,,あすくやくおうじほいくえん,認可,保育園　私立,,,,東京都新宿区,市谷薬王寺町51,35.69611,139.72418,74,0,10,10,18,18,18,1歳クラス,就学前まで,株式会社　日本保育サービス,私立,7:30,18:30,20:30,,Y,Y,,,,Y,,,平成３０年４月認可・開設予定,,,
63,グローバルキッズ愛住町園（仮称）,,ぐろーばるきっずあいずみちょうえん,認可,保育園　私立,,,,東京都新宿区,愛住町6,35.6895,139.71976,80,6,14,15,15,15,15,57日,就学前まで,株式会社　グローバルキッズ,私立,7:30,18:30,20:30,,Y,Y,,,,Y,,,平成３０年４月認可・開設予定,,,
64,ほっぺるランド上落合（仮称）,,ほっぺるらんどかみおちあい,認可,保育園　私立,,,,東京都新宿区,上落合1-15,35.71539,139.69319,80,12,16,16,20,8,8,57日,就学前まで,株式会社　テノ．コーポレーション,私立,7:30,18:30,20:30,,Y,Y,,,,Y,,,平成３０年５月認可・開設予定,,,
65,ほっぺるランド北新宿（仮称）,,ほっぺるらんどきたしんじゅく,認可,保育園　私立,,,,東京都新宿区,北新宿3-9,35.70213,139.69168,72,0,6,6,10,25,25,1歳クラス,就学前まで,株式会社　テノ．コーポレーション,私立,7:30,18:30,20:30,,Y,Y,,,,Y,,,平成３０年４月認可・開設予定,,,
66,ほっぺるランド早稲田鶴巻町（仮称）,,ほっぺるらんどわせだつるまきちょう,認可,保育園　私立,,,,東京都新宿区,早稲田鶴巻町575-1,35.70897,139.72777,60,15,15,15,15,0,0,57日,3歳クラスまで,株式会社　テノ．コーポレーション,私立,7:30,18:30,20:30,,Y,Y,,,,Y,,,平成３０年４月認可・開設予定,,,
67,グローバルキッズ 西新宿園（仮称）,グローバルキッズ 西新宿園（仮称）,ぐろーばるきっずにししんじゅくえん,認可,保育園　私立,,,,東京都新宿区,西新宿5-5-1　2階,35.69337,139.68666,51,6,9,9,9,9,9,57日,就学前まで,株式会社　グローバルキッズ,私立,7:30,18:30,20:30,,Y,Y,,,,Y,,,平成30年4月認可・開設予定。,,,
68,大久保わかくさ子ども園,大久保わかくさ子ども園,おおくぼわかくさこどもえん,認可,子ども園　私立,Y,03-6265-9990,03-6265-9991,東京都新宿区,大久保1-4-1,35.69986,139.70653,129,15,18,18,18,30,30,43日,就学前まで,社会福祉法人　若草福祉会,私立,7:30,18:30,20:30,,Y,Y,,,,Y,,,一時保育（専用室型）あり。,,,
69,しんえい子ども園もくもく,しんえい子ども園もくもく,しんえいこどもえんもくもく,認可,子ども園　私立,Y,03-5332-5544,03-5332-5545,東京都新宿区,高田馬場4-36-12,35.70926,139.69579,161,21,25,25,30,30,30,43日,就学前まで,社会福祉法人　新栄会,私立,7:00,18:00,20:00,,Y,Y,,,,Y,,,一時保育（専用室型）・定期利用保育（専用室型）あり。,,,
70,新宿せいが子ども園,新宿せいが子ども園,しんじゅくせいがこどもえん,認可,子ども園　私立,Y,03-3954-4190,03-3954-4192,東京都新宿区,下落合2-10-20,35.71773,139.70174,177,21,30,30,32,32,32,43日,就学前まで,社会福祉法人　省我会,私立,7:30,18:30,20:30,,Y,Y,,,,Y,,,一時保育（専用室型）あり。,,,
71,茶々ひがしとやま子ども園,茶々ひがしとやま子ども園,ちゃちゃひがしとやまこどもえん,認可,子ども園　私立,Y,03-5155-4321,03-5155-4322,東京都新宿区,戸山2-34-101,35.70185,139.71126,170,12,18,20,40,40,40,43日,就学前まで,社会福祉法人　あすみ福祉会,私立,7:00,18:00,20:00,,Y,Y,,,,Y,,,一時保育（専用室型）あり。,,,
72,富久ソラのこども園ちいさなうちゅう,富久ソラのこども園ちいさなうちゅう,とみひさそらのこどもえんちいさなうちゅう,認可,子ども園　私立,Y,03-6380-0414,03-6380-0415,東京都新宿区,富久町14-1,35.69252,139.71411,164,12,24,24,34,35,35,43日,就学前まで,社会福祉法人　東京児童協会,私立,7:30,18:30,20:30,,Y,Y,,,,Y,,,一時保育（専用室型）あり。,,,
73,富久ソラのこども園ちいさなうちゅう分園,富久ソラのこども園ちいさなうちゅう分園,とみひさそらのこどもえんちいさなうちゅうぶんえん,認可,子ども園　私立,Y,03-6380-6437,03-6380-6438,東京都新宿区,新宿5-3-13,35.69238,139.71123,80,12,24,24,20,0,0,43日,3歳クラスまで,社会福祉法人　東京児童協会,私立,7:30,18:30,20:30,,Y,Y,,,,Y,,,一時保育（空き利用型）あり。,,,
74,保育ルームえどがわ園,保育ルームえどがわ園,ほいくるーむえどがわえん,認可,保育ルーム,,03-3266-7350,03-3266-7350,東京都新宿区,水道町1-28,35.70707,139.73619,30,0,6,6,6,6,6,1歳クラス,就学前まで,株式会社　テノ．コーポレーション,,7:30,18:30,19:30,,Y,Y,,,,N,,,一時保育（空き利用型）あり。,,,
75,保育ルームおちにすくすく園,保育ルームおちにすくすく園,ほいくるーむおちにすくすくえん,認可,保育ルーム,,03-3227-0703,03-3227-0703,東京都新宿区,上落合2-10-23,35.71284,139.68927,19,0,9,10,0,0,0,1歳クラス,2歳クラスまで,株式会社　テノ．コーポレーション,,7:30,18:30,19:30,,Y,Y,,,,N,,,一時保育（空き利用型）あり。,,,
76,保育ルームつるまき園,保育ルームつるまき園,ほいくるーむつるまきえん,認可,保育ルーム,,03-3205-9525,03-3205-9525,東京都新宿区,早稲田鶴巻町140,35.70843,139.72487,12,0,6,6,0,0,0,1歳クラス,2歳クラスまで,株式会社　テンダーラビングケアサービス,,7:30,18:30,19:30,,Y,Y,,,,N,,,一時保育（空き利用型）あり。,,,
77,保育ルームべんてん,保育ルームべんてん,ほいくるーむべんてん,認可,保育ルーム,,03-6302-1024,03-6302-1024,東京都新宿区,若松町16-2BENTEN　internationalビル,35.69826,139.71404,19,0,9,10,0,0,0,1歳クラス,2歳クラスまで,株式会社　サクセスアカデミー,,7:30,18:30,19:30,,Y,Y,,,,N,,,一時保育（空き利用型）あり。,,,
78,保育ルーム早稲田,保育ルーム早稲田,ほいくるーむわせだ,認可,保育ルーム,,03-6205-6331,03-6205-6332,東京都新宿区,西早稲田３－９－６ＫＴビル,35.7114,139.71416,19,0,9,10,0,0,0,1歳クラス,2歳クラスまで,株式会社　プロケア,,7:30,18:30,19:30,,Y,Y,,,,N,,,一時保育（空き利用型）あり。,,,
79,キッズパオ防衛省市ヶ谷保育園(従業員枠),キッズパオ防衛省市ヶ谷保育園(従業員枠),きっずぱおぼうえんしょういちがやほいくえん（じゅうぎょういんわく）,認可,事業所内保育事業,,03-3235-3757,03-3235-3757,東京都新宿区,市谷本村町5－１厚生棟2階,35.69272,139.72961,23,5,6,12,0,0,0,57日,2歳クラスまで,防衛省共済組合本省支部（運営委託　株式会社マミーズファミリー）,私立,7:30,18:30,19:30,,Y,Y,,,,N,Y,,一時保育（空き利用型）あり。,,,
80,キッズパオ防衛省市ヶ谷保育園(地域枠),キッズパオ防衛省市ヶ谷保育園(地域枠),きっずぱおぼうえんしょういちがやほいくえん（ちいきわく）,認可,事業所内保育事業,,03-3235-3757,03-3235-3757,東京都新宿区,市谷本村町5－１厚生棟2階,35.69272,139.72961,7,1,3,3,0,0,0,57日,2歳クラスまで,防衛省共済組合本省支部（運営委託　株式会社マミーズファミリー）,私立,7:30,18:30,19:30,,Y,Y,,,,N,Y,,一時保育（空き利用型）あり。,,,
81,とちょう保育園(従業員枠),とちょう保育園(従業員枠),とちょうほいくえん（じゅうぎょういんわく）,認可,事業所内保育事業,,03-5990-5301,03-5990-5304,東京都新宿区,西新宿2－8－1東京都議会議事堂1階南側,35.6895,139.69164,24,6,9,9,0,0,0,57日,2歳クラスまで,一般財団法人　東京都人材支援事業団（運営委託　社会福祉法人　尚徳福祉会）,私立,7:00,18:00,22:00,,Y,Y,,,,N,Y,,一時保育（空き利用型）あり。,,,
82,とちょう保育園(地域枠),とちょう保育園(地域枠),とちょうほいくえん（ちいきわく）,認可,事業所内保育事業,,03-5990-5301,03-5990-5304,東京都新宿区,西新宿2－8－1東京都議会議事堂1階南側,35.6895,139.69164,24,6,9,9,0,0,0,57日,2歳クラスまで,一般財団法人　東京都人材支援事業団（運営委託　社会福祉法人　尚徳福祉会）,私立,7:00,18:00,22:00,,Y,Y,,,,N,Y,,一時保育（空き利用型）あり。,,,
83,もみの樹園事業所内保育所(従業員枠),もみの樹園事業所内保育所(従業員枠),もみのきじぎょうしょないほいくしょ（じゅうぎょういんわく）,認可,事業所内保育事業,,03-3565-7301,03-3565-7302,東京都新宿区,上落合１－１７－８特別養護老人ホーム［もみの樹園］内６F,35.71611,139.69394,10,2,4,4,0,0,0,57日,2歳クラスまで,社会福祉法人　園盛会,私立,7:30,18:30,19:30,,Y,Y,,,,N,Y,,一時保育（空き利用型）あり。,,,
84,もみの樹園事業所内保育所(地域枠),もみの樹園事業所内保育所(地域枠),もみのきじぎょうしょないほいくしょ（ちいきわく）,認可,事業所内保育事業,,03-3565-7301,03-3565-7302,東京都新宿区,上落合１－１７－８特別養護老人ホーム［もみの樹園］内６F,35.71611,139.69394,20,4,8,8,0,0,0,57日,2歳クラスまで,社会福祉法人　園盛会,私立,7:30,18:30,19:30,,Y,Y,,,,N,Y,,一時保育（空き利用型）あり。,,,
85,わらべうた四谷病児室,わらべうた四谷病児室,わらべうたよつやびょうじしつ,認可,病児・病後児保育室,,03-5269-4255,03-5269-5160,東京都新宿区,四谷4-17,35.68906,139.7164,4,4 ,4 ,4 ,4 ,4 ,4 ,離乳食完了後,就学前まで,長谷川キッズライフ株式会社,私立,8:00,18:00,18:30,,Y,,Y,,,N,,,定員は合計4名です。延長保育は、7:30～8:00、18:00～18:30で対応。病児保育あり。,,,
86,アスク飯田橋保育園,アスク飯田橋保育園,あすくいいだばしほいくえん,認証,認証保育所,,03-3260-5697,03-3260-5698,東京都新宿区,神楽河岸1-1セントラルプラザ3階,35.70134,139.74374,58,6,8,15,19,10 ,10 ,45日,就学前まで,株式会社　日本保育サービス,私立,7:30,22:00,22:00,,,,,,,N,,,4歳、5歳の定員は合計10人です,,3,2018/1/1
87,アスク高田馬場保育園,アスク高田馬場保育園,あすくたかだのばばほいくえん,認証,認証保育所,,03-5285-2600,03-3209-0196,東京都新宿区,高田馬場2-16-11高田馬場216ビル2階,35.71397,139.70525,39,6,9,8,8,8 ,8 ,45日,就学前まで,株式会社　日本保育サービス,私立,7:30,23:00,23:00,,,,,,,N,,,4歳、5歳の定員は合計8人です,,1,2018/1/1
88,アスク西新宿保育園,アスク西新宿保育園,あすくにししんじゅくほいくえん,認証,認証保育所,,03-5320-8028,03-5320-8029,東京都新宿区,西新宿6-20-7ｺﾝｼｪﾘｱ西新宿ﾀﾜｰｽﾞｳｪｽﾄ1階,35.69281,139.68738,35,6,10,9,5,5 ,5 ,43日,就学前まで,株式会社　日本保育サービス,私立,7:30,22:00,22:00,,,,,,,N,,,4歳、5歳の定員は合計5人です,,,2018/1/1
89,エデュケアセンター・新宿,エデュケアセンター・新宿,えでゅけあせんたーしんじゅく,認証,認証保育所,,03-5363-1015,03-5363-1015,東京都新宿区,富久町13-1ローレルコート新宿タワータウンフォーラム２階,35.69251,139.71483,27,6,8,8,5 ,5 ,5 ,57日,就学前まで,株式会社　パソナフォスター,私立,7:30,21:00,21:00,,,,,,,N,,,3歳、4歳、5歳の定員は合計5人です,,0,2018/1/1
90,北新宿雲母保育園,北新宿雲母保育園,きたしんじゅくきららほいくえん,認証,認証保育所,,03-5937-4347,03-5937-4348,東京都新宿区,北新宿3-2-1フレイザープレイス・ホフ新宿1F,35.70325,139.69455,40,10,10,10,5,5 ,5 ,57日,就学前まで,株式会社　モード・プランニング・ジャパン,私立,7:30,21:00,21:00,,,,,,,N,,,4歳、5歳の定員は合計5人です,,,2018/1/1
91,キッズパオ高田馬場あおぞら園,キッズパオ高田馬場あおぞら園,きっずぱおたかだのばばあおぞらえん,認証,認証保育所,,03-6908-8140,03-6908-8140,東京都新宿区,高田馬場4-23-28ﾋﾙｽﾞ石田ﾋﾞﾙ1階,35.71022,139.70204,30,6,10,8,6 ,6 ,6 ,57日,就学前まで,株式会社　マミーズファミリー,私立,7:30,20:30,20:30,,,,,,,N,,,3歳、4歳、5歳の定員は合計6人です,,,2018/1/1
92,ケンパ若松河田,ケンパ若松河田,けんぱわかまつかわだ,認証,認証保育所,,03-6681-4645,03-6681-4645,東京都新宿区,若松町33-1リエール若松町１F,35.70066,139.72043,21,3,9,9,0,0,0,57日,2歳クラスまで,特定非営利活動法人ケンパ・ラーニング・コミュニティ協会,私立,7:30,21:00,21:00,,,,,,,N,,,,,,2018/1/1
93,コスモス保育園,コスモス保育園,こすもすほいくえん,認証,認証保育所,,03-3208-8506,03-3208-8506,東京都新宿区,大久保2-4-1ｳﾞｨﾙﾗﾌｨｰﾈ東新宿1F,35.70391,139.70825,26,8,9,9,0,0,0,52日,2歳クラスまで,特定非営利活動法人心豊かな子どもを育てる会,私立,7:00,20:30,20:30,,,,,,,N,,,,,,2018/1/1
94,ソラスト神楽坂,ソラスト神楽坂,そらすとかぐらざか,認証,認証保育所,,03-5206-7317,03-5206-7318,東京都新宿区,改代町26-1三田村ビル1階,35.68956,139.71249,40,6,14,16,4,0,0,57日,2歳クラスまで,株式会社　ソラスト,私立,7:30,20:30,20:30,,,,,,,N,,,,,2,2018/1/1
95,ぴっころきっず西早稲田,ぴっころきっず西早稲田,ぴっころきっずにしわせだ,認証,認証保育所,,03-3209-2267,03-3209-2267,東京都新宿区,高田馬場2-1-2TOHMA高田馬場2階,35.7118,139.70978,37,9,10,10,4,4 ,4 ,43日,就学前まで,株式会社　プライムツーワン,私立,7:00,21:00,21:00,,,,,,,N,,,4歳、5歳の定員は合計4人です,,8,2018/1/1
96,フロンティアキッズ河田町,フロンティアキッズ河田町,ふろんてぃあきっずかわだちょう,認証,認証保育所,,03-5379-1680,03-5379-1680,東京都新宿区,河田町3-29ﾌﾟﾗｳﾄﾞﾌﾗｯﾄ新宿河田町1階,35.69504,139.72125,27,8,9,10,0,0,0,57日,2歳クラスまで,株式会社　フューチャーフロンティアーズ,私立,7:00,20:00,20:00,,,,,,,N,,,,,,2018/1/1
97,フロンティアキッズ新宿,フロンティアキッズ新宿,ふろんてぃあきっずしんじゅく,認証,認証保育所,,03-3208-2744,03-3208-2744,東京都新宿区,新宿6-27-56新宿スクエアビル２階,35.69712,139.70839,38,8,10,10,7,3 ,3 ,43日,就学前まで,株式会社　フューチャーフロンティアーズ,私立,7:00,20:00,20:00,,,,,,,N,,,4歳、5歳の定員は合計3人です,,2,2018/1/1
98,ぽけっとランド信濃町,ぽけっとランド信濃町,ぽけっとらんどしなのまち,認証,認証保育所,,03-5368-0521,03-5368-0534,東京都新宿区,信濃町８外苑北ＳＲＣビル2Ｆ,35.6827,139.71939,40,6,10,12,12 ,12 ,12 ,57日,就学前まで,学校法人　三幸学園,私立,7:30,20:30,20:30,,,,,,,N,,,3歳、4歳、5歳の定員は合計12人です,,,2018/1/1
99,ほっぺるランド早稲田鶴巻町,ほっぺるランド早稲田鶴巻町,ほっぺるらんどわせだつるまきちょう,認証,認証保育所,,03-3235-5008,03-3235-5009,東京都新宿区,早稲田鶴巻町575-1早稲田鶴巻町ﾊﾟｰｸﾎｰﾑｽﾞ1階,35.70895,139.72778,50,10,15,10,15 ,15 ,15 ,57日,就学前まで,株式会社　テノ．コーポレーション,私立,7:30,20:30,20:30,,,,,,,N,,,3歳、4歳、5歳の定員は合計15人です,,,2018/1/1
100,ぽっぽのいえほいくえん,ぽっぽのいえほいくえん,ぽっぽのいえほいくえん,認証,認証保育所,,03-3950-2060,03-3951-5665,東京都新宿区,下落合1-16-7東京三協信用金庫下落合ﾋﾞﾙ,35.71606,139.69516,40,9,9,10,6,6 ,6 ,43日,就学前まで,特定営利活動法人鳩の会ぽっぽのいえほいくえん,私立,7:00,20:00,20:00,,,,,,,N,,,4歳、5歳の定員は合計6人です,,1,2018/1/1
101,ポピンズナーサリースクール早稲田,ポピンズナーサリースクール早稲田,ぽぴんずなーさりーすくーるわせだ,認証,認証保育所,,03-5155-2168,03-5155-2169,東京都新宿区,西早稲田1-1-7早稲田大学28号館２階,35.70743,139.71909,60,9,12,12,10,17 ,17 ,57日,就学前まで,株式会社　ポピンズ,私立,7:30,22:00,22:00,,,,,,,N,,,4歳、5歳の定員は合計17人です,,2,2018/1/1
102,メリーポピンズ神楽坂ルーム,メリーポピンズ神楽坂ルーム,めりーぽぴんずかぐらざかるーむ,認証,認証保育所,,03-3267-1366,03-3267-1366,東京都新宿区,榎町72ﾌｫｰﾄﾘｽ早稲田1階,35.70493,139.72878,25,6,11,8,0,0,0,57日,2歳クラスまで,株式会社　ゴーエスト,私立,7:00,20:00,20:00,,,,,,,N,,,,,,2018/1/1
103,ルーチェ保育園,ルーチェ保育園,るーちぇほいくえん,認証,認証保育所,,03-5937-5581,03-3364-1106,東京都新宿区,西新宿7-18-1TOMOEビル2階,35.69612,139.69652,30,6,12,12 ,12 ,12 ,12 ,57日,就学前まで,株式会社　ルーチェ,私立,7:30,21:00,21:00,,,,,,,N,,,2歳、3歳、4歳、5歳の定員は合計12人です,,,2018/1/1
104,フロンティアキッズ夏目坂（仮称）,,ふろんてぃあきっずなつめざか,認証,認証保育所,,,,東京都新宿区,若松町33－1　リエール若松町1階,35.70065,139.72044,22,3,9,10 ,0 ,0 ,0 ,57日,2歳クラスまで,株式会社　フューチャーフロンティアーズ,私立,7:00,20:00,20:00,,,,,,,N,,,平成３０年４月開設予定。,,,2018/1/1
105,おひさま保育室,おひさま保育室,,認可外,認可外（ベビーホテル）,,080-4720- 6518,,東京都新宿区,新宿7-13-2　笹木ビル１F,35.69875,139.71115,,,,,,,,,,泉谷　友貴,,8:00,19:00,19:00,,,,,,,,,,,,,
106,ベビーサロン　きこり,ベビーサロン　きこり,,認可外,認可外（ベビーホテル）,,03-5348-5347,,東京都新宿区,百人町2-21-22,35.70247,139.69733,5,,,,,,,,,矢部　光啓,,8:00,19:00,19:00,,,,,,,,,Y,,,,
107,リトル・メイト（京王プラザ内）,リトル・メイト（京王プラザ内）,,認可外,認可外（ベビーホテル）,,03-3345-1439,,東京都新宿区,西新宿2-2-1　京王プラザホテル 本館30階,35.68999,139.69434,15,,,,,,,,,東京リトル・メイト株式会社,,8:00,22:00,22:00,,,,,,,,,,,,,
108,キッズパラダイス新宿,キッズパラダイス新宿,,認可外,認可外（ベビーホテル）,,03-5369-2303,,東京都新宿区,新宿3-9-5　ゴ-ルドビル5F,35.69133,139.70686,20,,,,,,,,,スターメッドグループ株式会 社,,,,,Y,,,,,,,,,,,,
109,たいよう保育園　新宿園,たいよう保育園　新宿園,,認可外,認可外（ベビーホテル）,,03-5272-7028,,東京都新宿区,新宿5-18-9　酒井ビル2F,35.69441,139.70663,20,,,,,,,,,石澤ハルノ,,7:30,2:00,2:00,,,,,,,,,Y,,,,
110,早稲田フロンティアキッズ,早稲田フロンティアキッズ,,認可外,認可外（ベビーホテル）,,03-3356-8080,,東京都新宿区,河田町3-16　河田町コン フォガ-デン施設C棟,35.69587,139.72084,69,,,,,,,,,株式会社ファミーラ,,7:00,20:00,20:00,,,,,,,,,Y,,,,
111,Dr.MOM Nursery School,Dr.MOM Nursery School,,認可外,認可外（ベビーホテル）,,03-5362-3387,,東京都新宿区,左門町6-7鯉江ビル2階,35.68663,139.72073,44,,,,,,,,,株式会社Dr.MOM,,7:00,22:00,22:00,,,,,,,,,Y,,,,
112,愛嬰幼保学園新宿園,愛嬰幼保学園新宿園,,認可外,認可外（ベビーホテル）,,03-4405-7604,,東京都新宿区,百人町2-11-24,35.70225,139.6991,50,,,,,,,,,株式会社　愛嬰,,,,,Y,,,,,,,,Y,,,,
113,ふぃおーれ保育室,ふぃおーれ保育室,,認可外,認可外（ベビーホテル）,,03-5287-6211,,東京都新宿区,新宿7-26-9フィオ-レ東京3階,35.69917,139.7092,18,,,,,,,,,東京社会保険協会,,8:00,16:00,16:00,,,,,,,,,Y,,,,
114,(独）国立国際医療研究センター あさがお保育園,(独）国立国際医療研究センター あさがお保育園,,認可外,認可外（ベビーホテル）,,03-3202-7181,,東京都新宿区,戸山1-21-1　第2教育研修棟301,35.70399,139.71622,5,,,,,,,,,国立国際医療研究センター,,8:00,18:30,18:30,,,,,,,,,,,,,
115,伸芽’Sクラブ飯田橋,伸芽’Sクラブ飯田橋,,認可外,認可外（ベビーホテル）,,03-3268-3759,,東京都新宿区,神楽坂1-2研究社英語センタービ ル1F,35.69889,139.74109,80,,,,,,,,,株式会社伸芽会,,7:30,21:00,21:00,,,,,,,,,Y,,,,
116,わんぱくランド,わんぱくランド,,認可外,認可外（ベビーホテル）,,03-6457-3978,,東京都新宿区,歌舞伎町1-15-1　吉本ビル2F,35.69414,139.70213,15,,,,,,,,,株式会社プリマヴェーラ,,,,,Y,,,,,,,,,,,,
117,どみそ保育園,どみそ保育園,,認可外,認可外（ベビーホテル）,,03-6304-0905,,東京都新宿区,高田馬場3-12-5 セブンビル2階,35.7131,139.70003,45,,,,,,,,,株式会社ベストペース,,,,,Y,,,,,,,,Y,,,,
118,保育園オレンジプラネット新宿御苑,保育園オレンジプラネット新宿御苑,,認可外,認可外（ベビーホテル）,,03-6457-4193,,東京都新宿区,新宿1-19-8　　サンモール第7ビル 2F,35.68966,139.71266,20,,,,,,,,,株式会社国大ホールディン グス,,,,,Y,,,,,,,,,,,,
119,Meducare　Bambino市ヶ谷,Meducare　Bambino市ヶ谷,,認可外,認可外（ベビーホテル）,,03-6273-2629,,東京都新宿区,市谷仲之町3-16,35.69503,139.72176,2,,,,,,,,,株式会社ウェルステート,,7:00,20:00,20:00,,,,,,,,,Y,,,,
120,テゾーロインターナショナルスクー ル,テゾーロインターナショナルスクー ル,,認可外,認可外（ベビーホテル）,,03-5946-8748,,東京都新宿区,新小川町3-16-101,35.70514,139.74223,20,,,,,,,,,青木　美恵子,,8:00,18:00,18:00,,,,,,,,,,,,,
121,Kid'sroom Puananala,Kid'sroom Puananala,,認可外,認可外（ベビーホテル）,,03-6885-2002,,東京都新宿区,西新宿8-3-23-101,35.69635,139.69443,10,,,,,,,,,伊藤　奈津美,,7:00,20:00,20:00,,,,,,,,,,,,,
122,ティンクファミリー,ティンクファミリー,,認可外,認可外（ベビーホテル）,,03-6276-4656,,東京都新宿区,西新宿4-4-1-302,35.68996,139.68518,3,,,,,,,,,大類　勇,,8:00,19:00,19:00,,,,,,,,,,,,,
123,Meducare Bambino,Meducare Bambino,,認可外,認可外（ベビーホテル）,,03-5357-7124,,東京都新宿区,市谷仲之町3-34遠藤ビル１階,35.69503,139.72176,51,,,,,,,,,株式会社ウェルステート,,8:00,18:00,18:00,,,,,,,,,Y,,,,
124,リビングデザインセンターOZONE　キッズ パティオ,リビングデザインセンターOZONE　キッズ パティオ,,認可外,認可外（ベビーホテル）,,03-5322-6506,,東京都新宿区,西新宿3-7-1,35.68604,139.68993,,,,,,,,,,東京ガスコミュニケーショ ンズ株式会社,,13:00,17:00,17:00,,,,,,,,,,,,,
125,インターナショナル・モンテッソーリ・ミラ イ・キンダーガーデン,インターナショナル・モンテッソーリ・ミラ イ・キンダーガーデン,,認可外,認可外（ベビーホテル）,,03-6380-6643,,東京都新宿区,若葉3-10-10,35.68241,139.72498,120,,,,,,,,,Cocone Education(株),,8:30,17:30,17:30,,,,,,,,,,,,,
126,ブルジョンキッズスペース,ブルジョンキッズスペース,,認可外,認可外（ベビーホテル）,,03-6356-8493,,東京都新宿区,大京町31　マンションヴィップ新宿 御苑102,35.68153,139.71474,32,,,,,,,,,株式会社K's style,,8:00,20:00,20:00,,,,,,,,,,,,,
127,アイビー・チルドレンズルーム,アイビー・チルドレンズルーム,,認可外,認可外（その他施設）,,03-3353-3390,,東京都新宿区,荒木町6-4ベルロジエ201,35.68949,139.72296,8,,,,,,,,,有限会社アイビー・チル ドレンズルーム,,9:30,13:30,13:30,,,,,,,,,Y,,,,
128,モンテッソーリ下落合　こどもの家,モンテッソーリ下落合　こどもの家,,認可外,認可外（その他施設）,,03-3953-6184,,東京都新宿区,下落合4-3-7,35.71739,139.69649,18,,,,,,,,,瀧口　恵,,9:00,18:00,18:00,,,,,,,,,Y,,,,
129,NYこどものくに,NYこどものくに,,認可外,認可外（その他施設）,,03-3952-4192,,東京都新宿区,西落合3-10-18-104,35.72314,139.68103,30,,,,,,,,,NPO法人こどものくに,,8:30,17:30,17:30,,,,,,,,,Y,,,,
130,アオバジャパン・バイリンガルプリスクール 早稲田キャンパス,アオバジャパン・バイリンガルプリスクール 早稲田キャンパス,,認可外,認可外（その他施設）,,03-6385-2818,,東京都新宿区,高田馬場1-14-8　千代田ビル2号 館,35.70924,139.70596,130,,,,,,,,,現代幼児基礎教育開発 株式会社,,8:00,18:00,18:00,,,,,,,,,,,,,
131,みどりの保育園,みどりの保育園,,認可外,認可外（事業所内保育施設）,,03-4316-2140,,東京都新宿区,新宿4-1-6　ミライナタワー15階,35.68889,139.70256,12,,,,,,,,,LINE株式会社,,9:00,21:00,21:00,,,,,,,,,,,,,
132,ZERO Nursery,ZERO Nursery,,認可外,認可外（事業所内保育施設）,,03-6427-2992,,東京都新宿区,若松町15-8　モアリッシェル東新宿1階,35.69845,139.71481,18,,,,,,,,,株式会社ZERO,,7:30,18:30,18:30,,,,,,,,,,,,,
133,フロン ティアキッズ市ヶ谷　企業主導型保育事業所,フロン ティアキッズ市ヶ谷　企業主導型保育事業所,,認可外,認可外（事業所内保育施設）,,03-3226-0535,,東京都新宿区,市谷仲之町3-16　高木ハウス102.103号室,35.69503,139.72176,12,,,,,,,,,株式会社ファミーラ,,8:00,19:00,19:00,,,,,,,,,,,,,
